QID	Name	UniProt_ID	UniProt_Name	UniProt_Name_Syn	Gene_Name	Gene_Name_syn
Q1	"lectin, galactoside-binding, soluble, 9"	O00182	Galectin-9	Ecalectin / Tumor antigen HOM-HD-21	LGALS9	
Q2	"tumor necrosis factor receptor superfamily, member 10a"	O00220	Tumor necrosis factor receptor superfamily member 10A	Death receptor 4 / TNF-related apoptosis-inducing ligand receptor 1	TNFRSF10A	APO2 / DR4 / TRAILR1
Q3	agouti related protein homolog (mouse)	O00253	Agouti-related protein		AGRP	AGRT / ART
Q4	"tumor necrosis factor receptor superfamily, member 10b"	O14763	Tumor necrosis factor receptor superfamily member 10B	Death receptor 5 / TNF-related apoptosis-inducing ligand receptor 2	TNFRSF10B	DR5 / KILLER / TRAILR2 / TRICK2 / ZTNFR9
Q5	"tumor necrosis factor receptor superfamily, member 13B"	O14836	Tumor necrosis factor receptor superfamily member 13B	Transmembrane activator and CAML interactor	TNFRSF13B	TACI
Q6	c-fos induced growth factor (vascular endothelial growth factor D)	O43915	Vascular endothelial growth factor D	c-Fos-induced growth factor	VEGFD	FIGF
Q7	dickkopf WNT signaling pathway inhibitor 1	O94907	Dickkopf-related protein 1	SK	DKK1	
Q8	renin	P00797	Renin	Angiotensinogenase	REN	
Q9	platelet-derived growth factor beta polypeptide	P01127	Platelet-derived growth factor subunit B	PDGF-2 / Platelet-derived growth factor B chain / Platelet-derived growth factor beta polypeptide / Proto-oncogene c-Sis	PDGFB	PDGF2 / SIS
Q10	growth hormone 1	P01241	Somatotropin	Growth hormone / Growth hormone 1 / Pituitary growth hormone	GH1	
Q11	CD4 molecule	P01730	T-cell surface glycoprotein CD4	T-cell surface antigen T4/Leu-3	CD4	
Q12	polymeric immunoglobulin receptor	P01833	Polymeric immunoglobulin receptor	Hepatocellular carcinoma-associated protein TB6	PIGR	
Q13	alpha-1-microglobulin/bikunin precursor	P02760	Protein AMBP	Protein HC	AMBP	HCP / ITIL
Q14	"superoxide dismutase 2, mitochondrial"	P04179	"Superoxide dismutase [Mn], mitochondrial"		SOD2	
Q15	heat shock 27kDa protein 1	P04792	Heat shock protein beta-1	28 kDa heat shock protein / Estrogen-regulated 24 kDa protein / Heat shock 27 kDa protein / Heat shock protein family B member 1 / Stress-responsive protein 27	HSPB1	HSP27 / HSP28
Q16	"interleukin 6 (interferon, beta 2)"	P05231	Interleukin-6	B-cell stimulatory factor 2 / CTL differentiation factor / Hybridoma growth factor / Interferon beta-2	IL6	IFNB2
Q17	lipoprotein lipase	P06858	Lipoprotein lipase	Phospholipase A1	LPL	LIPD
Q18	thrombomodulin	P07204	Thrombomodulin	Fetomodulin	THBD	THRM
Q19	decorin	P07585	Decorin	Bone proteoglycan II / PG-S2 / PG40	DCN	SLRR1B
Q20	cathepsin L	P07711	Procathepsin L	Cathepsin L1 / Major excreted protein	CTSL	CTSL1
Q21	"matrix metallopeptidase 7 (matrilysin, uterine)"	P09237	Matrilysin	Matrin / Matrix metalloproteinase-7 / Pump-1 protease / Uterine metalloproteinase	MMP7	MPSL1 / PUMP1
Q22	"chemokine (C-X-C motif) ligand 1 (melanoma growth stimulating activity, alpha)"	P09341	Growth-regulated alpha protein	C-X-C motif chemokine 1 / GRO-alpha(1-73) / Melanoma growth stimulatory activity / Neutrophil-activating protein 3	CXCL1	GRO / GRO1 / GROA / MGSA / SCYB1
Q23	heme oxygenase (decycling) 1	P09601	Heme oxygenase 1		HMOX1	HO / HO1
Q24	poly (ADP-ribose) polymerase 1	P09874	Poly [ADP-ribose] polymerase 1	ADP-ribosyltransferase diphtheria toxin-like 1 / DNA ADP-ribosyltransferase PARP1 / NAD(+) ADP-ribosyltransferase 1 / Poly[ADP-ribose] synthase 1 / Protein poly-ADP-ribosyltransferase PARP1	PARP1	ADPRT / PPOL
Q25	chemokine (C-C motif) ligand 3	P10147	C-C motif chemokine 3	G0/G1 switch regulatory protein 19-1 / Macrophage inflammatory protein 1-alpha / PAT 464.1 / SIS-beta / Small-inducible cytokine A3 / Tonsillar lymphocyte LD78 alpha protein	CCL3	G0S19-1 / MIP1A / SCYA3
Q26	"fatty acid binding protein 2, intestinal"	P12104	"Fatty acid-binding protein, intestinal"	Fatty acid-binding protein 2 / Intestinal-type fatty acid-binding protein	FABP2	FABPI
Q27	v-src avian sarcoma (Schmidt-Ruppin A-2) viral oncogene homolog	P12931	Proto-oncogene tyrosine-protein kinase Src	Proto-oncogene c-Src / pp60c-src	SRC	SRC1
Q28	"coagulation factor III (thromboplastin, tissue factor)"	P13726	Tissue factor	Coagulation factor III / Thromboplastin	F3	
Q29	natriuretic peptide B	P16860	Natriuretic peptides B	Brain natriuretic factor prohormone / Gamma-brain natriuretic peptide / Iso-ANP	NPPB	
Q30	interleukin 1 receptor antagonist	P18510	Interleukin-1 receptor antagonist protein	ICIL-1RA / IL1 inhibitor	IL1RN	IL1F3 / IL1RA
Q31	follistatin	P19883	Follistatin	Activin-binding protein	FST	
Q32	KIT ligand	P21583	Kit ligand	Mast cell growth factor / Stem cell factor / c-Kit ligand	KITLG	MGF / SCF
Q33	transglutaminase 2	P21980	Protein-glutamine gamma-glutamyltransferase 2	Erythrocyte transglutaminase / Heart G alpha(h) / Isopeptidase TGM2 / Protein G alpha(h) / Protein-glutamine deamidase TGM2 / Protein-glutamine dopaminyltransferase TGM2 / Protein-glutamine histaminyltransferase TGM2 / Protein-glutamine noradrenalinyltransferase TGM2 / Protein-glutamine serotonyltransferase TGM2 / Tissue transglutaminase / Transglutaminase C / Transglutaminase H / Transglutaminase II / Transglutaminase-2	TGM2	
Q34	bone morphogenetic protein 6	P22004	Bone morphogenetic protein 6	VG-1-related protein	BMP6	VGR
Q35	interleukin 4 receptor	P24394	Interleukin-4 receptor subunit alpha		IL4R	IL4RA
Q36	coagulation factor II (thrombin) receptor	P25116	Proteinase-activated receptor 1	Coagulation factor II receptor / Thrombin receptor	F2R	CF2R / PAR1 / TR
Q37	"pentraxin 3, long"	P26022	Pentraxin-related protein PTX3	Pentaxin-related protein PTX3 / Tumor necrosis factor alpha-induced protein 5 / Tumor necrosis factor-inducible gene 14 protein	PTX3	TNFAIP5 / TSG14
Q38	gastric intrinsic factor (vitamin B synthesis)	P27352	Cobalamin binding intrinsic factor	Gastric intrinsic factor / Intrinsic factor	CBLIF	GIF / IFMH
Q39	CD40 ligand	P29965	CD40 ligand	T-cell antigen Gp39 / TNF-related activation protein / Tumor necrosis factor ligand superfamily member 5	CD40LG	CD40L / TNFSF5 / TRAP
Q40	"Fc fragment of IgG, low affinity IIb, receptor (CD32)"	P31994	Low affinity immunoglobulin gamma Fc region receptor II-b	CDw32 / Fc-gamma RII-b	FCGR2B	CD32 / FCG2 / IGFR2
Q41	carcinoembryonic antigen-related cell adhesion molecule 8	P31997	Carcinoembryonic antigen-related cell adhesion molecule 8	CD67 antigen / Carcinoembryonic antigen CGM6 / Non-specific cross-reacting antigen NCA-95	CEACAM8	CGM6
Q42	"carbonic anhydrase VA, mitochondrial"	P35218	"Carbonic anhydrase 5A, mitochondrial"	Carbonate dehydratase VA / Carbonic anhydrase VA	CA5A	CA5
Q43	adrenomedullin	P35318	Pro-adrenomedullin		ADM	AM
Q44	thrombospondin 2	P35442	Thrombospondin-2		THBS2	TSP2
Q45	"iduronidase, alpha-L-"	P35475	Alpha-L-iduronidase		IDUA	
Q46	matrix metallopeptidase 12 (macrophage elastase)	P39900	Macrophage metalloelastase	Macrophage elastase / Matrix metalloproteinase-12	MMP12	HME
Q47	thrombopoietin	P40225	Thrombopoietin	C-mpl ligand / Megakaryocyte colony-stimulating factor / Megakaryocyte growth and development factor / Myeloproliferative leukemia virus oncogene ligand	THPO	MGDF
Q48	leptin	P41159	Leptin	Obese protein / Obesity factor	LEP	OB / OBS
Q49	chemokine (C motif) ligand 1	P47992	Lymphotactin	ATAC / C motif chemokine 1 / Cytokine SCM-1 / Lymphotaxin / SCM-1-alpha / Small-inducible cytokine C1 / XC chemokine ligand 1	XCL1	LTN / SCYC1
Q50	placental growth factor	P49763	Placenta growth factor		PGF	PGFL / PLGF
Q51	"fatty acid binding protein 6, ileal"	P51161	Gastrotropin	Fatty acid-binding protein 6 / Ileal lipid-binding protein / Intestinal 15 kDa protein / Intestinal bile acid-binding protein	FABP6	ILBP / ILLBP
Q52	proline/arginine-rich end leucine-rich repeat protein	P51888	Prolargin	Proline-arginine-rich end leucine-rich repeat protein	PRELP	SLRR2A
Q53	oxidized low density lipoprotein (lectin-like) receptor 1	P78380	Oxidized low-density lipoprotein receptor 1	C-type lectin domain family 8 member A / Lectin-like oxidized LDL receptor 1 / Lectin-type oxidized LDL receptor 1	OLR1	CLEC8A / LOX1
Q54	"TEK tyrosine kinase, endothelial"	Q02763	Angiopoietin-1 receptor	Endothelial tyrosine kinase / Tunica interna endothelial cell kinase / Tyrosine kinase with Ig and EGF homology domains-2 / Tyrosine-protein kinase receptor TEK / Tyrosine-protein kinase receptor TIE-2 / p140 TEK	TEK	TIE2 / VMCM / VMCM1
Q55	glyoxalase I	Q04760	Lactoylglutathione lyase	Aldoketomutase / Glyoxalase I / Ketone-aldehyde mutase / Methylglyoxalase / S-D-lactoylglutathione methylglyoxal lyase	GLO1	
Q56	c-mer proto-oncogene tyrosine kinase	Q12866	Tyrosine-protein kinase Mer	Proto-oncogene c-Mer / Receptor tyrosine kinase MerTK	MERTK	MER
Q57	serine/threonine kinase 4	Q13043	Serine/threonine-protein kinase 4	Mammalian STE20-like protein kinase 1 / STE20-like kinase MST1 / Serine/threonine-protein kinase Krs-2	STK4	KRS2 / MST1
Q58	"pregnancy-associated plasma protein A, pappalysin 1"	Q13219	Pappalysin-1	Insulin-like growth factor-dependent IGF-binding protein 4 protease / Pregnancy-associated plasma protein A	PAPPA	
Q59	interleukin 16	Q14005	Pro-interleukin-16		IL16	
Q60	interleukin 18 (interferon-gamma-inducing factor)	Q14116	Interleukin-18	Iboctadekin / Interferon gamma-inducing factor / Interleukin-1 gamma	IL18	IGIF / IL1F4
Q61	selectin P ligand	Q14242	P-selectin glycoprotein ligand 1	Selectin P ligand	SELPLG	
Q62	advanced glycosylation end product-specific receptor	Q15109	Advanced glycosylation end product-specific receptor	Receptor for advanced glycosylation end products	AGER	RAGE
Q63	angiopoietin 1	Q15389	Angiopoietin-1		ANGPT1	KIAA0003
Q64	"protease, serine, 8"	Q16651	Prostasin	Channel-activating protease 1 / Serine protease 8	PRSS8	
Q65	"2,4-dienoyl CoA reductase 1, mitochondrial"	Q16698	"2,4-dienoyl-CoA reductase [(3E)-enoyl-CoA-producing], mitochondrial"	"2,4-dienoyl-CoA reductase [NADPH] / Short chain dehydrogenase/reductase family 18C member 1"	DECR1	DECR / SDR18C1
Q66	"ADAM metallopeptidase with thrombospondin type 1 motif, 13"	Q76LX8	A disintegrin and metalloproteinase with thrombospondin motifs 13	von Willebrand factor-cleaving protease	ADAMTS13	C9orf8
Q67	"serpin peptidase inhibitor, clade A (alpha-1 antiproteinase, antitrypsin), member 12"	Q8IW75	Serpin A12	OL-64 / Visceral adipose tissue-derived serine protease inhibitor / Visceral adipose-specific serpin	SERPINA12	
Q68	"osteoclast associated, immunoglobulin-like receptor"	Q8IYS5	Osteoclast-associated immunoglobulin-like receptor	Polymeric immunoglobulin receptor 3	OSCAR	
Q69	interleukin 27;Epstein-Barr virus induced 3	"Q8NEV9,Q14213"				
Q70	interleukin 17D	Q8TAD2	Interleukin-17D	Interleukin-27	IL17D	
Q71	chemokine (C-C motif) ligand 17	Q92583	C-C motif chemokine 17	CC chemokine TARC / Small-inducible cytokine A17 / Thymus and activation-regulated chemokine	CCL17	SCYA17 / TARC
Q72	hepatitis A virus cellular receptor 1	Q96D42	Hepatitis A virus cellular receptor 1	Kidney injury molecule 1 / T-cell immunoglobulin and mucin domain-containing protein 1 / T-cell immunoglobulin mucin receptor 1 / T-cell membrane protein 1	HAVCR1	KIM1 / TIM1 / TIMD1
Q73	V-set and immunoglobulin domain containing 2	Q96IQ7	V-set and immunoglobulin domain-containing protein 2	Cortical thymocyte-like protein	VSIG2	CTH / CTXL
Q74	heparin-binding EGF-like growth factor	Q99075	Proheparin-binding EGF-like growth factor		HBEGF	DTR / DTS / HEGFL
Q75	sortilin 1	Q99523	Sortilin	100 kDa NT receptor / Glycoprotein 95 / Neurotensin receptor 3	SORT1	
Q76	chymotrypsin C (caldecrin)	Q99895	Chymotrypsin-C	Caldecrin	CTRC	CLCR
Q77	programmed cell death 1 ligand 2	Q9BQ51	Programmed cell death 1 ligand 2	Butyrophilin B7-DC	PDCD1LG2	B7DC / CD273 / PDCD1L2 / PDL2
Q78	"protease, serine 27"	Q9BQR3	Serine protease 27	Marapsin / Pancreasin	PRSS27	MPN
Q79	"spondin 2, extracellular matrix protein"	Q9BUD6	Spondin-2	Differentially expressed in cancerous and non-cancerous lung cells 1 / Mindin	SPON2	DIL1
Q80	"BOC cell adhesion associated, oncogene regulated"	Q9BWV1	Brother of CDO		BOC	
Q81	angiotensin I converting enzyme 2	Q9BYF1	Angiotensin-converting enzyme 2	Angiotensin-converting enzyme homolog / Angiotensin-converting enzyme-related carboxypeptidase / Metalloprotease MPROT15	ACE2	
Q82	fibroblast growth factor 23	Q9GZV9	Fibroblast growth factor 23	Phosphatonin / Tumor-derived hypophosphatemia-inducing factor	FGF23	HYPF
Q83	interleukin 1 receptor-like 2	Q9HB29	Interleukin-1 receptor-like 2	IL-36 receptor / Interleukin-1 receptor-related protein 2	IL1RL2	IL1RRP2
Q84	SLAM family member 7	Q9NQ25	SLAM family member 7	CD2 subset 1 / CD2-like receptor-activating cytotoxic cells / Membrane protein FOAP-12 / Novel Ly9 / Protein 19A	SLAMF7	CS1
Q85	fibroblast growth factor 21	Q9NSA1	Fibroblast growth factor 21		FGF21	
Q86	macrophage receptor with collagenous structure	Q9UEW3	Macrophage receptor MARCO	Macrophage receptor with collagenous structure / Scavenger receptor class A member 2	MARCO	SCARA2
Q87	CD84 molecule	Q9UIB8	SLAM family member 5	Cell surface antigen MAX.3 / Hly9-beta / Leukocyte differentiation antigen CD84 / Signaling lymphocytic activation molecule 5	CD84	SLAMF5
Q88	hydroxyacid oxidase (glycolate oxidase) 1	Q9UJM8	2-Hydroxyacid oxidase 1	Glycolate oxidase / Glyoxylate oxidase	HAO1	GOX1
Q89	growth differentiation factor 2	Q9UK05	Growth/differentiation factor 2	Bone morphogenetic protein 9	GDF2	BMP9
Q90	integrin beta 1 binding protein (melusin) 2	Q9UKP3	Integrin beta-1-binding protein 2	Melusin	ITGB1BP2	
Q91	"inhibitor of kappa light polypeptide gene enhancer in B-cells, kinase gamma"	Q9Y6K9	NF-kappa-B essential modulator	FIP-3 / IkB kinase-associated protein 1 / Inhibitor of nuclear factor kappa-B kinase subunit gamma / NF-kappa-B essential modifier	IKBKG	FIP3 / NEMO
Q92	"tumor necrosis factor receptor superfamily, member 11a, NFKB activator"	Q9Y6Q6	Tumor necrosis factor receptor superfamily member 11A	Osteoclast differentiation factor receptor / Receptor activator of NF-KB	TNFRSF11A	RANK
Q93	"tumor necrosis factor receptor superfamily, member 11b"	O00300	Tumor necrosis factor receptor superfamily member 11B	Osteoclastogenesis inhibitory factor / Osteoprotegerin	TNFRSF11B	OCIF / OPG
Q94	chemokine (C-X-C motif) ligand 11	O14625	C-X-C motif chemokine 11	Beta-R1 / H174 / Interferon gamma-inducible protein 9 / Interferon-inducible T-cell alpha chemoattractant / Small-inducible cytokine B11	CXCL11	ITAC / SCYB11 / SCYB9B
Q95	"tumor necrosis factor (ligand) superfamily, member 11"	O14788	Tumor necrosis factor ligand superfamily member 11	Osteoclast differentiation factor / Osteoprotegerin ligand / Receptor activator of nuclear factor kappa-B ligand / TNF-related activation-induced cytokine	TNFSF11	OPGL / RANKL / TRANCE
Q96	axin 1	O15169	Axin-1	Axis inhibition protein 1	AXIN1	AXIN
Q97	chemokine (C-C motif) ligand 25	O15444	C-C motif chemokine 25	Chemokine TECK / Small-inducible cytokine A25 / Thymus-expressed chemokine	CCL25	SCYA25 / TECK
Q98	"tumor necrosis factor (ligand) superfamily, member 12"	O43508	Tumor necrosis factor ligand superfamily member 12	APO3 ligand / TNF-related weak inducer of apoptosis	TNFSF12	APO3L / DR3LG
Q99	"tumor necrosis factor (ligand) superfamily, member 14"	O43557	Tumor necrosis factor ligand superfamily member 14	Herpes virus entry mediator ligand	TNFSF14	HVEML / LIGHT
Q100	STAM binding protein	O95630	STAM-binding protein	Associated molecule with the SH3 domain of STAM / Endosome-associated ubiquitin isopeptidase	STAMBP	AMSH
Q101	fibroblast growth factor 19	O95750	Fibroblast growth factor 19		FGF19	
Q102	interleukin 33	O95760	Interleukin-33	Interleukin-1 family member 11 / Nuclear factor from high endothelial venules	IL33	C9orf26 / IL1F11 / NFHEV
Q103	"plasminogen activator, urokinase"	P00749	Urokinase-type plasminogen activator		PLAU	
Q104	adenosine deaminase	P00813	Adenosine deaminase	Adenosine aminohydrolase	ADA	ADA1
Q105	"transforming growth factor, alpha"	P01135	Protransforming growth factor alpha		TGFA	
Q106	"transforming growth factor, beta 1"	P01137	Transforming growth factor beta-1 proprotein		TGFB1	TGFB
Q107	nerve growth factor (beta polypeptide)	P01138	Beta-nerve growth factor		NGF	NGFB
Q108	lymphotoxin alpha	P01374	Lymphotoxin-alpha	TNF-beta / Tumor necrosis factor ligand superfamily member 1	LTA	TNFB / TNFSF1
Q109	tumor necrosis factor	P01375	Tumor necrosis factor	Cachectin / TNF-alpha / Tumor necrosis factor ligand superfamily member 2	TNF	TNFA / TNFSF2
Q110	"interferon, gamma"	P01579	Interferon gamma	Immune interferon	IFNG	
Q111	"interleukin 1, alpha"	P01583	Interleukin-1 alpha	Hematopoietin-1	IL1A	IL1F1
Q112	CD8a molecule	P01732	T-cell surface glycoprotein CD8 alpha chain	T-lymphocyte differentiation antigen T8/Leu-2	CD8A	MAL
Q113	chemokine (C-X-C motif) ligand 10	P02778	C-X-C motif chemokine 10	10 kDa interferon gamma-induced protein / Small-inducible cytokine B10	CXCL10	INP10 / SCYB10
Q114	matrix metallopeptidase 1 (interstitial collagenase)	P03956	Interstitial collagenase	Fibroblast collagenase / Matrix metalloproteinase-1	MMP1	CLG
Q115	interleukin 4	P05112	Interleukin-4	B-cell stimulatory factor 1 / Binetrakin / Lymphocyte stimulatory factor 1 / Pitrakinra	IL4	
Q116	"interleukin 5 (colony-stimulating factor, eosinophil)"	P05113	Interleukin-5	B-cell differentiation factor I / Eosinophil differentiation factor / T-cell replacing factor	IL5	
Q117	"interleukin 6 (interferon, beta 2).1"					
Q118	CD5 molecule	P06127	T-cell surface glycoprotein CD5	Lymphocyte antigen T1/Leu-1	CD5	LEU1
Q119	matrix metallopeptidase 10 (stromelysin 2)	P09238	Stromelysin-2	Matrix metalloproteinase-10 / Transin-2	MMP10	STMY2
Q120	"chemokine (C-X-C motif) ligand 1 (melanoma growth stimulating activity, alpha).1"					
Q121	colony stimulating factor 1 (macrophage)	P09603	Macrophage colony-stimulating factor 1	Lanimostim / Proteoglycan macrophage colony-stimulating factor	CSF1	
Q122	interleukin 8	P10145	Interleukin-8	C-X-C motif chemokine 8 / Chemokine (C-X-C motif) ligand 8 / Emoctakin / Granulocyte chemotactic protein 1 / Monocyte-derived neutrophil chemotactic factor / Monocyte-derived neutrophil-activating peptide / Neutrophil-activating protein 1 / Protein 3-10C / T-cell chemotactic factor	CXCL8	IL8
Q123	chemokine (C-C motif) ligand 3.1					
Q124	INF_P12034					
Q125	interleukin 7	P13232	Interleukin-7		IL7	
Q126	chemokine (C-C motif) ligand 4	P13236	C-C motif chemokine 4	G-26 T-lymphocyte-secreted protein / HC21 / Lymphocyte activation gene 1 protein / MIP-1-beta(1-69) / Macrophage inflammatory protein 1-beta / PAT 744 / Protein H400 / SIS-gamma / Small-inducible cytokine A4 / T-cell activation protein 2	CCL4	LAG1 / MIP1B / SCYA4
Q127	chemokine (C-C motif) ligand 2	P13500	C-C motif chemokine 2	HC11 / Monocyte chemoattractant protein 1 / Monocyte chemotactic and activating factor / Monocyte chemotactic protein 1 / Monocyte secretory protein JE / Small-inducible cytokine A2	CCL2	MCP1 / SCYA2
Q128	oncostatin M	P13725	Oncostatin-M		OSM	
Q129	hepatocyte growth factor (hepapoietin A; scatter factor)	P14210	Hepatocyte growth factor	Hepatopoietin-A / Scatter factor	HGF	HPTA
Q130	"interleukin 2 receptor, beta"	P14784	Interleukin-2 receptor subunit beta	High affinity IL-2 receptor subunit beta / Interleukin-15 receptor subunit beta / p70-75	IL2RB	IL15RB
Q131	leukemia inhibitory factor	P15018	Leukemia inhibitory factor	Differentiation-stimulating factor / Melanoma-derived LPL inhibitor	LIF	HILDA
Q132	vascular endothelial growth factor A	P15692	"Vascular endothelial growth factor A, long form"	Vascular permeability factor	VEGFA	VEGF
Q133	neurotrophin 3	P20783	Neurotrophin-3	HDNF / Nerve growth factor 2 / Neurotrophic factor	NTF3	
Q134	KIT ligand.1					
Q135	interleukin 10	P22301	Interleukin-10	Cytokine synthesis inhibitory factor	IL10	
Q136	"CD40 molecule, TNF receptor superfamily member 5"	P25942	Tumor necrosis factor receptor superfamily member 5	B-cell surface antigen CD40 / Bp50 / CD40L receptor / CDw40	CD40	TNFRSF5
Q137	cystatin D	P28325	Cystatin-D	Cystatin-5	CST5	
Q138	"interleukin 12B (natural killer cell stimulatory factor 2, cytotoxic lymphocyte maturation factor 2, p40)"	P29460	Interleukin-12 subunit beta	Cytotoxic lymphocyte maturation factor 40 kDa subunit / IL-12 subunit p40 / NK cell stimulatory factor chain 2	IL12B	NKSF2
Q139	INF_P30203					
Q140	interleukin 13	P35225	Interleukin-13		IL13	NC30
Q141	glial cell derived neurotrophic factor	P39905	Glial cell line-derived neurotrophic factor	Astrocyte-derived trophic factor	GDNF	
Q142	leukemia inhibitory factor receptor alpha	P42702	Leukemia inhibitory factor receptor		LIFR	
Q143	chemokine (C-X-C motif) ligand 5	P42830	C-X-C motif chemokine 5	ENA-78(1-78) / Epithelial-derived neutrophil-activating protein 78 / Neutrophil-activating peptide ENA-78 / Small-inducible cytokine B5	CXCL5	ENA78 / SCYB5
Q144	fms-related tyrosine kinase 3 ligand	P49771	Fms-related tyrosine kinase 3 ligand	SL cytokine	FLT3LG	
Q145	"sulfotransferase family, cytosolic, 1A, phenol-preferring, member 1"	P50225	Sulfotransferase 1A1	Aryl sulfotransferase 1 / HAST1/HAST2 / Phenol sulfotransferase 1 / Phenol-sulfating phenol sulfotransferase 1 / ST1A3 / Thermostable phenol sulfotransferase	SULT1A1	STP / STP1
Q146	"tumor necrosis factor (ligand) superfamily, member 10"	P50591	Tumor necrosis factor ligand superfamily member 10	Apo-2 ligand / TNF-related apoptosis-inducing ligand	TNFSF10	APO2L / TRAIL
Q147	chemokine (C-C motif) ligand 11	P51671	Eotaxin	C-C motif chemokine 11 / Eosinophil chemotactic protein / Small-inducible cytokine A11	CCL11	SCYA11
Q148	chemokine (C-C motif) ligand 23	P55773	C-C motif chemokine 23	CK-beta-8 / Macrophage inflammatory protein 3 / Myeloid progenitor inhibitory factor 1 / Small-inducible cytokine A23	CCL23	MIP3 / MPIF1 / SCYA23
Q149	interleukin 2	P60568	Interleukin-2	T-cell growth factor	IL2	
Q150	chemokine (C-X3-C motif) ligand 1	P78423	Fractalkine	C-X3-C motif chemokine 1 / CX3C membrane-anchored chemokine / Neurotactin / Small-inducible cytokine D1	CX3CL1	FKN / NTT / SCYD1
Q151	chemokine (C-C motif) ligand 20	P78556	C-C motif chemokine 20	Beta-chemokine exodus-1 / CC chemokine LARC / Liver and activation-regulated chemokine / Macrophage inflammatory protein 3 alpha / Small-inducible cytokine A20	CCL20	LARC / MIP3A / SCYA20
Q152	chemokine (C-C motif) ligand 8	P80075	C-C motif chemokine 8	HC14 / Monocyte chemoattractant protein 2 / Monocyte chemotactic protein 2 / Small-inducible cytokine A8	CCL8	MCP2 / SCYA10 / SCYA8
Q153	chemokine (C-C motif) ligand 7	P80098	C-C motif chemokine 7	Monocyte chemoattractant protein 3 / Monocyte chemotactic protein 3 / NC28 / Small-inducible cytokine A7	CCL7	MCP3 / SCYA6 / SCYA7
Q154	chemokine (C-X-C motif) ligand 6	P80162	C-X-C motif chemokine 6	Chemokine alpha 3 / Granulocyte chemotactic protein 2 / Small-inducible cytokine B6	CXCL6	GCP2 / SCYB6
Q155	S100 calcium binding protein A12	P80511	Protein S100-A12	CGRP / Calcium-binding protein in amniotic fluid 1 / Calgranulin-C / Extracellular newly identified RAGE-binding protein / Migration inhibitory factor-related protein 6 / Neutrophil S100 protein / S100 calcium-binding protein A12	S100A12	
Q156	"tumor necrosis factor receptor superfamily, member 9"	Q07011	Tumor necrosis factor receptor superfamily member 9	4-1BB ligand receptor / CDw137 / T-cell antigen 4-1BB homolog / T-cell antigen ILA	TNFRSF9	CD137 / ILA
Q157	chemokine (C-X-C motif) ligand 9	Q07325	C-X-C motif chemokine 9	Gamma-interferon-induced monokine / Monokine induced by interferon-gamma / Small-inducible cytokine B9	CXCL9	CMK / MIG / SCYB9
Q158	"interleukin 10 receptor, beta"	Q08334	Interleukin-10 receptor subunit beta	Cytokine receptor class-II member 4 / Cytokine receptor family 2 member 4 / Interleukin-10 receptor subunit 2	IL10RB	CRFB4 / D21S58 / D21S66
Q159	interleukin 24	Q13007	Interleukin-24	Melanoma differentiation-associated gene 7 protein / Suppression of tumorigenicity 16 protein	IL24	MDA7 / ST16
Q160	"interleukin 15 receptor, alpha"	Q13261	Interleukin-15 receptor subunit alpha		IL15RA	
Q161	signaling lymphocytic activation molecule family member 1	Q13291	Signaling lymphocytic activation molecule	CDw150 / IPO-3 / SLAM family member 1	SLAMF1	SLAM
Q162	interleukin 18 receptor 1	Q13478	Interleukin-18 receptor 1	CD218 antigen-like family member A / CDw218a / IL1 receptor-related protein / Interleukin-18 receptor alpha	IL18R1	IL1RRP
Q163	eukaryotic translation initiation factor 4E binding protein 1	Q13541	Eukaryotic translation initiation factor 4E-binding protein 1	Phosphorylated heat- and acid-stable protein regulated by insulin 1	EIF4EBP1	
Q164	"interleukin 10 receptor, alpha"	Q13651	Interleukin-10 receptor subunit alpha	CDw210a / Interleukin-10 receptor subunit 1	IL10RA	IL10R
Q165	interleukin 18 (interferon-gamma-inducing factor).1					
Q166	"caspase 8, apoptosis-related cysteine peptidase"	Q14790	Caspase-8	Apoptotic cysteine protease / Apoptotic protease Mch-5 / CAP4 / FADD-homologous ICE/ced-3-like protease / FADD-like ICE / ICE-like apoptotic protease 5 / MORT1-associated ced-3 homolog	CASP8	MCH5
Q167	interleukin 17A	Q16552	Interleukin-17A	Cytotoxic T-lymphocyte-associated antigen 8	IL17A	CTLA8 / IL17
Q168	artemin	Q5T4W7	Artemin	Enovin / Neublastin	ARTN	EVN
Q169	sirtuin 2	Q8IXJ6	NAD-dependent protein deacetylase sirtuin-2	NAD-dependent protein defatty-acylase sirtuin-2 / Regulatory protein SIR2 homolog 2 / SIR2-like protein 2	SIRT2	SIR2L / SIR2L2
Q170	"interleukin 22 receptor, alpha 1"	Q8N6P7	Interleukin-22 receptor subunit alpha-1	Cytokine receptor class-II member 9 / Cytokine receptor family 2 member 9 / ZcytoR11	IL22RA1	IL22R
Q171	fibroblast growth factor 5					
Q172	delta/notch-like EGF repeat containing	Q8NFT8	Delta and Notch-like epidermal growth factor-related receptor		DNER	BET
Q173	CD6 molecule					
Q174	thymic stromal lymphopoietin	Q969D9	Thymic stromal lymphopoietin		TSLP	
Q175	chemokine (C-C motif) ligand 13	Q99616	C-C motif chemokine 13	CK-beta-10 / Monocyte chemoattractant protein 4 / Monocyte chemotactic protein 4 / NCC-1 / Small-inducible cytokine A13	CCL13	MCP4 / NCC1 / SCYA13
Q176	chemokine (C-C motif) ligand 19	Q99731	C-C motif chemokine 19	Beta-chemokine exodus-3 / CK beta-11 / Epstein-Barr virus-induced molecule 1 ligand chemokine / Macrophage inflammatory protein 3 beta / Small-inducible cytokine A19	CCL19	ELC / MIP3B / SCYA19
Q177	neurturin	Q99748	Neurturin		NRTN	
Q178	"CD244 molecule, natural killer cell receptor 2B4"	Q9BZW8	Natural killer cell receptor 2B4	NK cell activation-inducing ligand / NK cell type I receptor protein 2B4 / SLAM family member 4 / Signaling lymphocytic activation molecule 4	CD244	2B4
Q179	fibroblast growth factor 23.1					
Q180	CUB domain containing protein 1	Q9H5V8	CUB domain-containing protein 1	Membrane glycoprotein gp140 / Subtractive immunization M plus HEp3-associated 135 kDa protein / Transmembrane and associated with src kinases	CDCP1	TRASK
Q181	chemokine (C-C motif) ligand 28	Q9NRJ3	C-C motif chemokine 28	Mucosae-associated epithelial chemokine / Protein CCK1 / Small-inducible cytokine A28	CCL28	SCYA28
Q182	fibroblast growth factor 21.1					
Q183	interleukin 20	Q9NYY1	Interleukin-20	Cytokine Zcyto10	IL20	ZCYTO10
Q184	CD274 molecule	Q9NZQ7	Programmed cell death 1 ligand 1	B7 homolog 1	CD274	B7H1 / PDCD1L1 / PDCD1LG1 / PDL1
Q185	interleukin 17C	Q9P0M4	Interleukin-17C	Cytokine CX2	IL17C	
Q186	"interleukin 20 receptor, alpha"	Q9UHF4	Interleukin-20 receptor subunit alpha	Cytokine receptor class-II member 8 / Cytokine receptor family 2 member 8 / IL-20R1 / ZcytoR7	IL20RA	
Q187	"DNA fragmentation factor, 45kDa, alpha polypeptide"	O00273	DNA fragmentation factor subunit alpha	DNA fragmentation factor 45 kDa subunit / Inhibitor of CAD	DFFA	DFF1 / DFF45
Q188	"BTB and CNC homology 1, basic leucine zipper transcription factor 1"	O14867	Transcription regulator protein BACH1	BTB and CNC homolog 1 / HA2303	BACH1	
Q189	sprouty homolog 2 (Drosophila)	O43597	Protein sprouty homolog 2		SPRY2	
Q190	integral membrane protein 2A	O43736	Integral membrane protein 2A	Protein E25	ITM2A	
Q191	lymphocyte antigen 75	O60449	Lymphocyte antigen 75	C-type lectin domain family 13 member B / DEC-205 / gp200-MR6	LY75	CD205 / CLEC13B
Q192	SH2 domain containing 1A	O60880	SH2 domain-containing protein 1A	Duncan disease SH2-protein / Signaling lymphocytic activation molecule-associated protein / T-cell signal transduction molecule SAP	SH2D1A	DSHP / SAP
Q193	PC4 and SFRS1 interacting protein 1	O75475	PC4 and SFRS1-interacting protein	CLL-associated antigen KW-7 / Dense fine speckles 70 kDa protein / Lens epithelium-derived growth factor / Transcriptional coactivator p75/p52	PSIP1	DFS70 / LEDGF / PSIP2
Q194	natural cytotoxicity triggering receptor 1	O76036	Natural cytotoxicity triggering receptor 1	Lymphocyte antigen 94 homolog / NK cell-activating receptor / Natural killer cell p46-related protein	NCR1	LY94
Q195	hexamethylene bis-acetamide inducible 1	O94992	Protein HEXIM1	Cardiac lineage protein 1 / Estrogen down-regulated gene 1 protein / Hexamethylene bis-acetamide-inducible protein 1 / Menage a quatre protein 1	HEXIM1	CLP1 / EDG1 / HIS1 / MAQ1
Q196	DEAD (Asp-Glu-Ala-Asp) box polypeptide 58	O95786	Antiviral innate immune response receptor RIG-I	ATP-dependent RNA helicase DDX58 / DEAD box protein 58 / RIG-I-like receptor 1 / RNA sensor RIG-I / Retinoic acid-inducible gene 1 protein / Retinoic acid-inducible gene I protein	RIGI	DDX58
Q197	"interleukin 5 (colony-stimulating factor, eosinophil).1"					
Q198	"interleukin 6 (interferon, beta 2).2"					
Q199	jun proto-oncogene	P05412	Transcription factor Jun	Activator protein 1 / Proto-oncogene c-Jun / Transcription factor AP-1 subunit Jun / V-jun avian sarcoma virus 17 oncogene homolog / p39	JUN	
Q200	keratin 19	P08727	"Keratin, type I cytoskeletal 19"	Cytokeratin-19 / Keratin-19	KRT19	
Q201	fibroblast growth factor 2 (basic)	P09038	Fibroblast growth factor 2	Basic fibroblast growth factor / Heparin-binding growth factor 2	FGF2	FGFB
Q202	CD28 molecule	P10747	T-cell-specific surface glycoprotein CD28	TP44	CD28	
Q203	hematopoietic cell-specific Lyn substrate 1	P14317	Hematopoietic lineage cell-specific protein	Hematopoietic cell-specific LYN substrate 1 / LckBP1 / p75	HCLS1	HS1
Q204	"amphiregulin,amphiregulin B"	P15514	Amphiregulin	Colorectum cell-derived growth factor	AREG	AREGB / SDGF
Q205	"galactosidase, beta 1"	P16278	Beta-galactosidase	Acid beta-galactosidase / Elastin receptor 1	GLB1	ELNR1
Q206	O-6-methylguanine-DNA methyltransferase	P16455	Methylated-DNA--protein-cysteine methyltransferase	6-O-methylguanine-DNA methyltransferase / O-6-methylguanine-DNA-alkyltransferase	MGMT	
Q207	"integrin, beta 6"	P18564	Integrin beta-6		ITGB6	
Q208	lymphocyte-activation gene 3	P18627	Lymphocyte activation gene 3 protein		LAG3	FDC
Q209	tripartite motif containing 21	P19474	E3 ubiquitin-protein ligase TRIM21	52 kDa Ro protein / 52 kDa ribonucleoprotein autoantigen Ro/SS-A / RING finger protein 81 / Ro(SS-A) / Sjoegren syndrome type A antigen / Tripartite motif-containing protein 21	TRIM21	RNF81 / RO52 / SSA1
Q210	interleukin 10.1					
Q211	"integrin, alpha 6"	P23229	Integrin alpha-6	CD49 antigen-like family member F / VLA-6	ITGA6	
Q212	aryl hydrocarbon receptor nuclear translocator	P27540	Aryl hydrocarbon receptor nuclear translocator	"Class E basic helix-loop-helix protein 2 / Dioxin receptor, nuclear translocator / Hypoxia-inducible factor 1-beta"	ARNT	BHLHE2
Q213	hydroxysteroid (11-beta) dehydrogenase 1	P28845	11-beta-hydroxysteroid dehydrogenase 1	7-oxosteroid reductase / Corticosteroid 11-beta-dehydrogenase isozyme 1 / Short chain dehydrogenase/reductase family 26C member 1	HSD11B1	HSD11 / HSD11L / SDR26C1
Q214	peroxiredoxin 5	P30044	"Peroxiredoxin-5, mitochondrial"	Alu corepressor 1 / Antioxidant enzyme B166 / Liver tissue 2D-page spot 71B / PLP / Peroxiredoxin V / Peroxisomal antioxidant enzyme / TPx type VI / Thioredoxin peroxidase PMP20 / Thioredoxin-dependent peroxiredoxin 5	PRDX5	ACR1
Q215	peroxiredoxin 3	P30048	"Thioredoxin-dependent peroxide reductase, mitochondrial"	Antioxidant protein 1 / HBC189 / Peroxiredoxin III / Peroxiredoxin-3 / Protein MER5 homolog / Thioredoxin-dependent peroxiredoxin 3	PRDX3	AOP1
Q216	neurotrophin 4	P34130	Neurotrophin-4	Neurotrophin-5 / Neutrophic factor 4	NTF4	NTF5
Q217	neurofibromin 2 (merlin)	P35240	Merlin	Moesin-ezrin-radixin-like protein / Neurofibromin-2 / Schwannomerlin / Schwannomin	NF2	SCH
Q218	"interleukin 12 receptor, beta 1"	P42701	Interleukin-12 receptor subunit beta-1	IL-12 receptor beta component	IL12RB1	IL12R / IL12RB
Q219	chemokine (C-X-C motif) ligand 12	P48061	Stromal cell-derived factor 1	C-X-C motif chemokine 12 / Intercrine reduced in hepatomas / Pre-B cell growth-stimulating factor	CXCL12	SDF1 / SDF1A / SDF1B
Q220	mannan-binding lectin serine peptidase 1 (C4/C2 activating component of Ra-reactive factor)	P48740	Mannan-binding lectin serine protease 1	Complement factor MASP-3 / Complement-activating component of Ra-reactive factor / Mannose-binding lectin-associated serine protease 1 / Mannose-binding protein-associated serine protease / Ra-reactive factor serine protease p100 / Serine protease 5	MASP1	CRARF / CRARF1 / PRSS5
Q221	histamine N-methyltransferase	P50135	Histamine N-methyltransferase		HNMT	
Q222	interleukin-1 receptor-associated kinase 1	P51617	Interleukin-1 receptor-associated kinase 1		IRAK1	IRAK
Q223	chemokine (C-C motif) ligand 11.1					
Q224	karyopherin alpha 1 (importin alpha 5)	P52294	Importin subunit alpha-5	Karyopherin subunit alpha-1 / Nucleoprotein interactor 1 / RAG cohort protein 2 / SRP1-beta	KPNA1	RCH2
Q225	stanniocalcin 1	P52823	Stanniocalcin-1		STC1	STC
Q226	"family with sequence similarity 3, member B"	P58499	Protein FAM3B	Cytokine-like protein 2-21 / Pancreatic-derived factor	FAM3B	C21orf11 / C21orf76
Q227	eukaryotic translation initiation factor 5A	P63241	Eukaryotic translation initiation factor 5A-1	Eukaryotic initiation factor 5A isoform 1 / Rev-binding factor / eIF-4D	EIF5A	
Q228	coxsackie virus and adenovirus receptor	P78310	Coxsackievirus and adenovirus receptor	CVB3-binding protein / Coxsackievirus B-adenovirus receptor / HCVADR	CXADR	CAR
Q229	SRSF protein kinase 2	P78362	SRSF protein kinase 2	SFRS protein kinase 2 / Serine/arginine-rich protein-specific kinase 2	SRPK2	
Q230	"butyrophilin, subfamily 3, member A2"	P78410	Butyrophilin subfamily 3 member A2		BTN3A2	BT3.2 / BTF3 / BTF4
Q231	interferon regulatory factor 9	Q00978	Interferon regulatory factor 9	IFN-alpha-responsive transcription factor subunit / ISGF3 p48 subunit / Interferon-stimulated gene factor 3 gamma / Transcriptional regulator ISGF3 subunit gamma	IRF9	ISGF3G
Q232	CD83 molecule	Q01151	CD83 antigen	B-cell activation protein / Cell surface protein HB15	CD83	
Q233	parathyroid hormone 1 receptor	Q03431	Parathyroid hormone/parathyroid hormone-related peptide receptor	PTH/PTHrP type I receptor / Parathyroid hormone 1 receptor	PTH1R	PTHR / PTHR1
Q234	"eukaryotic translation initiation factor 4 gamma, 1"	Q04637	Eukaryotic translation initiation factor 4 gamma 1	p220	EIF4G1	EIF4F / EIF4G / EIF4GI
Q235	"protein kinase C, theta"	Q04759	Protein kinase C theta type	nPKC-theta	PRKCQ	PRKCT
Q236	"islet cell autoantigen 1, 69kDa"	Q05084	Islet cell autoantigen 1	69 kDa islet cell autoantigen / Islet cell autoantigen p69	ICA1	
Q237	zinc finger and BTB domain containing 16	Q05516	Zinc finger and BTB domain-containing protein 16	Promyelocytic leukemia zinc finger protein / Zinc finger protein 145 / Zinc finger protein PLZF	ZBTB16	PLZF / ZNF145
Q238	peroxiredoxin 1	Q06830	Peroxiredoxin-1	Natural killer cell-enhancing factor A / Proliferation-associated gene protein / Thioredoxin peroxidase 2 / Thioredoxin-dependent peroxide reductase 2 / Thioredoxin-dependent peroxiredoxin 1	PRDX1	PAGA / PAGB / TDPX2
Q239	cytoskeleton-associated protein 4	Q07065	Cytoskeleton-associated protein 4	63-kDa cytoskeleton-linking membrane protein	CKAP4	
Q240	TNF receptor-associated factor 2	Q12933	TNF receptor-associated factor 2	E3 ubiquitin-protein ligase TRAF2 / RING-type E3 ubiquitin transferase TRAF2 / Tumor necrosis factor type 2 receptor-associated protein 3	TRAF2	TRAP3
Q241	"nuclear factor of activated T-cells, cytoplasmic, calcineurin-dependent 3"	Q12968	"Nuclear factor of activated T-cells, cytoplasmic 3"	NFATx / T-cell transcription factor NFAT4	NFATC3	NFAT4
Q242	"killer cell lectin-like receptor subfamily D, member 1"	Q13241	Natural killer cells antigen CD94	KP43 / Killer cell lectin-like receptor subfamily D member 1 / NK cell receptor	KLRD1	CD94
Q243	baculoviral IAP repeat containing 2	Q13490	Baculoviral IAP repeat-containing protein 2	Cellular inhibitor of apoptosis 1 / IAP homolog B / Inhibitor of apoptosis protein 2 / RING finger protein 48 / RING-type E3 ubiquitin transferase BIRC2 / TNFR2-TRAF-signaling complex protein 2	BIRC2	API1 / MIHB / RNF48
Q244	"diacylglycerol kinase, zeta"	Q13574	Diacylglycerol kinase zeta	Diglyceride kinase zeta	DGKZ	DAGK6
Q245	dynactin 1	Q14203	Dynactin subunit 1	150 kDa dynein-associated polypeptide / DAP-150 / p135 / p150-glued	DCTN1	
Q246	UDP-N-acetyl-alpha-D-galactosamine:polypeptide N-acetylgalactosaminyltransferase 3 (GalNAc-T3)	Q14435	Polypeptide N-acetylgalactosaminyltransferase 3	Polypeptide GalNAc transferase 3 / Protein-UDP acetylgalactosaminyltransferase 3 / UDP-GalNAc:polypeptide N-acetylgalactosaminyltransferase 3	GALNT3	
Q247	corneodesmosin	Q15517	Corneodesmosin	S protein	CDSN	
Q248	tryptase alpha/beta 1	Q15661	Tryptase alpha/beta-1	Tryptase I / Tryptase alpha-1	TPSAB1	TPS1 / TPS2 / TPSB1
Q249	Fc receptor-like 6	Q6DN72	Fc receptor-like protein 6	Fc receptor homolog 6 / IFGP6	FCRL6	FCRH6
Q250	"C-type lectin domain family 6, member A"	Q6EIG7	C-type lectin domain family 6 member A	C-type lectin superfamily member 10 / Dendritic cell-associated C-type lectin 2	CLEC6A	CLECSF10 / DECTIN2
Q251	"C-type lectin domain family 4, member G"	Q6UXB4	C-type lectin domain family 4 member G	Liver and lymph node sinusoidal endothelial cell C-type lectin	CLEC4G	
Q252	phosphoinositide-3-kinase adaptor protein 1	Q6ZUJ8	Phosphoinositide 3-kinase adapter protein 1	B-cell adapter for phosphoinositide 3-kinase / B-cell phosphoinositide 3-kinase adapter protein 1	PIK3AP1	BCAP
Q253	mast cell immunoglobulin-like receptor 1	Q7Z6M3	Allergin-1	Allergy inhibitory receptor 1 / Mast cell antigen 32 / Mast cell immunoglobulin-like receptor 1	MILR1	C17orf60 / MCA32
Q254	"interferon, lambda receptor 1"	Q8IU57	Interferon lambda receptor 1	Cytokine receptor class-II member 12 / Cytokine receptor family 2 member 12 / Interleukin-28 receptor subunit alpha / Likely interleukin or cytokine receptor 2	IFNLR1	IL28RA / LICR2
Q255	dipeptidyl-peptidase 10 (non-functional)	Q8N608	Inactive dipeptidyl peptidase 10	Dipeptidyl peptidase IV-related protein 3 / Dipeptidyl peptidase X / Dipeptidyl peptidase-like protein 2	DPP10	DPRP3 / KIAA1492
Q256	"leukocyte immunoglobulin-like receptor, subfamily B (with TM and ITIM domains), member 4"	Q8NHJ6	Leukocyte immunoglobulin-like receptor subfamily B member 4	CD85 antigen-like family member K / Immunoglobulin-like transcript 3 / Leukocyte immunoglobulin-like receptor 5 / Monocyte inhibitory receptor HM18	LILRB4	ILT3 / LIR5
Q257	"C-type lectin domain family 4, member C"	Q8WTT0	C-type lectin domain family 4 member C	Blood dendritic cell antigen 2 / C-type lectin superfamily member 7 / Dendritic lectin	CLEC4C	BDCA2 / CLECSF11 / CLECSF7 / DLEC / HECL
Q258	"C-type lectin domain family 4, member D"	Q8WXI8	C-type lectin domain family 4 member D	C-type lectin superfamily member 8 / C-type lectin-like receptor 6 / Dendritic cell-associated C-type lectin 3	CLEC4D	CLECSF8 / MCL
Q259	TRAF family member-associated NFKB activator	Q92844	TRAF family member-associated NF-kappa-B activator	TRAF-interacting protein	TANK	ITRAF / TRAF2
Q260	FXYD domain containing ion transport regulator 5	Q96DB9	FXYD domain-containing ion transport regulator 5	Dysadherin	FXYD5	DYSAD / IWU1
Q261	Fc receptor-like 3	Q96P31	Fc receptor-like protein 3	Fc receptor homolog 3 / IFGP family protein 3 / Immune receptor translocation-associated protein 3 / MAIA / SH2 domain-containing phosphatase anchor protein 2	FCRL3	FCRH3 / IFGP3 / IRTA3 / SPAP2
Q262	"discoidin, CUB and LCCL domain containing 2"	Q96PD2	"Discoidin, CUB and LCCL domain-containing protein 2"	"CUB, LCCL and coagulation factor V/VIII-homology domains protein 1 / Endothelial and smooth muscle cell-derived neuropilin-like protein"	DCBLD2	CLCP1 / ESDN
Q263	"protein phosphatase 1, regulatory subunit 9B"	Q96SB3	Neurabin-2	Neurabin-II / Protein phosphatase 1 regulatory subunit 9B / Spinophilin	PPP1R9B	PPP1R6
Q264	"C-type lectin domain family 7, member A"	Q9BXN2	C-type lectin domain family 7 member A	Beta-glucan receptor / C-type lectin superfamily member 12 / Dendritic cell-associated C-type lectin 1	CLEC7A	BGR / CLECSF12 / DECTIN1
Q265	tripartite motif containing 5	Q9C035	Tripartite motif-containing protein 5	RING finger protein 88 / RING-type E3 ubiquitin transferase TRIM5	TRIM5	RNF88
Q266	egl-9 family hypoxia-inducible factor 1	Q9GZT9	Egl nine homolog 1	Hypoxia-inducible factor prolyl hydroxylase 2 / Prolyl hydroxylase domain-containing protein 2 / SM-20	EGLN1	C1orf12
Q267	plexin A4	Q9HCM2	Plexin-A4		PLXNA4	KIAA1550 / PLXNA4A / PLXNA4B
Q268	triggering receptor expressed on myeloid cells 1	Q9NP99	Triggering receptor expressed on myeloid cells 1	Triggering receptor expressed on monocytes 1	TREM1	
Q269	interleukin-1 receptor-associated kinase 4	Q9NWZ3	Interleukin-1 receptor-associated kinase 4	Renal carcinoma antigen NY-REN-64	IRAK4	
Q270	contactin associated protein-like 2	Q9UHC6	Contactin-associated protein-like 2	Cell recognition molecule Caspr2	CNTNAP2	CASPR2 / KIAA0868
Q271	"integrin, alpha 11"	Q9UKX5	Integrin alpha-11		ITGA11	
Q272	"C-type lectin domain family 4, member A"	Q9UMR7	C-type lectin domain family 4 member A	C-type lectin DDB27 / C-type lectin superfamily member 6 / Dendritic cell immunoreceptor / Lectin-like immunoreceptor	CLEC4A	CLECSF6 / DCIR / LLIR
Q273	dual adaptor of phosphotyrosine and 3-phosphoinositides	Q9UN19	Dual adapter for phosphotyrosine and 3-phosphotyrosine and 3-phosphoinositide	B lymphocyte adapter protein Bam32 / B-cell adapter molecule of 32 kDa	DAPP1	BAM32
Q274	ectodysplasin A receptor	Q9UNE0	Tumor necrosis factor receptor superfamily member EDAR	Anhidrotic ectodysplasin receptor 1 / Downless homolog / EDA-A1 receptor / Ectodermal dysplasia receptor / Ectodysplasin-A receptor	EDAR	DL
Q275	SH2B adaptor protein 3	Q9UQQ2	SH2B adapter protein 3	Lymphocyte adapter protein / Lymphocyte-specific adapter protein Lnk / Signal transduction protein Lnk	SH2B3	LNK
Q276	lysosomal-associated membrane protein 3	Q9UQV4	Lysosome-associated membrane glycoprotein 3	DC-lysosome-associated membrane glycoprotein / Protein TSC403	LAMP3	DCLAMP / TSC403
Q277	"peptidyl arginine deiminase, type II"	Q9Y2J8	Protein-arginine deiminase type-2	PAD-H19 / Peptidylarginine deiminase II / Protein-arginine deiminase type II	PADI2	KIAA0994 / PAD2 / PDI2
Q278	signaling threshold regulating transmembrane adaptor 1	Q9Y3P8	Signaling threshold-regulating transmembrane adapter 1	SHP2-interacting transmembrane adapter protein / Suppression-inducing transmembrane adapter 1 / gp30/40	SIT1	SIT
Q279	"leukocyte immunoglobulin-like receptor, subfamily A (with TM domain), member 5"	A6NI73	Leukocyte immunoglobulin-like receptor subfamily A member 5	CD85 antigen-like family member F / Immunoglobulin-like transcript 11 / Leukocyte immunoglobulin-like receptor 9	LILRA5	ILT11 / LILRB7 / LIR9
Q280	N-terminal prohormone brain natriuretic peptide					
Q281	"synaptosomal-associated protein, 23kDa"	O00161	Synaptosomal-associated protein 23	Vesicle-membrane fusion protein SNAP-23	SNAP23	
Q282	angiopoietin 2	O15123	Angiopoietin-2		ANGPT2	
Q283	kallikrein-related peptidase 10	O43240	Kallikrein-10	Normal epithelial cell-specific 1 / Protease serine-like 1	KLK10	NES1 / PRSSL1
Q284	angiopoietin-like 7	O43827	Angiopoietin-related protein 7	Angiopoietin-like factor / Angiopoietin-like protein 7 / Cornea-derived transcript 6 protein	ANGPTL7	CDT6
Q285	ectonucleoside triphosphate diphosphohydrolase 5	O75356	Nucleoside diphosphate phosphatase ENTPD5	CD39 antigen-like 4 / ER-UDPase / Ectonucleoside triphosphate diphosphohydrolase 5 / Guanosine-diphosphatase ENTPD5 / Inosine diphosphate phosphatase ENTPD5 / Nucleoside diphosphatase / Uridine-diphosphatase ENTPD5	ENTPD5	CD39L4 / PCPH
Q286	GRB2-related adaptor protein 2	O75791	GRB2-related adapter protein 2	Adapter protein GRID / GRB-2-like protein / GRBLG / GRBX / Grf40 adapter protein / Growth factor receptor-binding protein / Hematopoietic cell-associated adapter protein GrpL / P38 / Protein GADS / SH3-SH2-SH3 adapter Mona	GRAP2	GADS / GRB2L / GRID
Q287	neuronal pentraxin receptor	O95502	Neuronal pentraxin receptor		NPTXR	
Q288	NAD kinase	O95544	NAD kinase	Poly(P)/ATP NAD kinase	NADK	
Q289	angiopoietin-like 1	O95841	Angiopoietin-related protein 1	Angiopoietin-3 / Angiopoietin-like protein 1	ANGPTL1	ANG3 / ANGPT3 / ARP1
Q290	"aldehyde dehydrogenase 1 family, member A1"	P00352	Aldehyde dehydrogenase 1A1	"3-deoxyglucosone dehydrogenase / ALDH-E1 / ALHDII / Aldehyde dehydrogenase family 1 member A1 / Aldehyde dehydrogenase, cytosolic / Retinal dehydrogenase 1"	ALDH1A1	ALDC / ALDH1 / PUMB1
Q291	"thyroid stimulating hormone, beta"	P01222	Thyrotropin subunit beta	Thyroid-stimulating hormone subunit beta / Thyrotropin beta chain	TSHB	
Q292	arginase 1	P05089	Arginase-1	Liver-type arginase / Type I arginase	ARG1	
Q293	"enolase 2 (gamma, neuronal)"	P09104	Gamma-enolase	2-phospho-D-glycerate hydro-lyase / Enolase 2 / Neural enolase / Neuron-specific enolase	ENO2	
Q294	quinoid dihydropteridine reductase	P09417	Dihydropteridine reductase	HDHPR / Quinoid dihydropteridine reductase / Short chain dehydrogenase/reductase family 33C member 1	QDPR	DHPR / SDR33C1
Q295	"fructose-1,6-bisphosphatase 1"	P09467	"Fructose-1,6-bisphosphatase 1"	"D-fructose-1,6-bisphosphate 1-phosphohydrolase 1 / Liver FBPase"	FBP1	FBP
Q296	annexin A4	P09525	Annexin A4	35-beta calcimedin / Annexin IV / Annexin-4 / Carbohydrate-binding protein p33/p41 / Chromobindin-4 / Endonexin I / Lipocortin IV / P32.5 / PP4-X / Placental anticoagulant protein II / Protein II	ANXA4	ANX4
Q297	cathepsin H	P09668	Pro-cathepsin H		CTSH	CPSB
Q298	"ribonuclease, RNase A family, 3"	P12724	Eosinophil cationic protein	Ribonuclease 3	RNASE3	ECP / RNS3
Q299	versican	P13611	Versican core protein	Chondroitin sulfate proteoglycan core protein 2 / Glial hyaluronate-binding protein / Large fibroblast proteoglycan / PG-M	VCAN	CSPG2
Q300	"NAD(P)H dehydrogenase, quinone 2"	P16083	Ribosyldihydronicotinamide dehydrogenase [quinone]	NRH dehydrogenase [quinone] 2 / NRH:quinone oxidoreductase 2 / Quinone reductase 2	NQO2	NMOR2
Q301	"cadherin 2, type 1, N-cadherin (neuronal)"	P19022	Cadherin-2	CDw325 / Neural cadherin	CDH2	CDHN / NCAD
Q302	thymidine phosphorylase	P19971	Thymidine phosphorylase	Gliostatin / Platelet-derived endothelial cell growth factor / TdRPase	TYMP	ECGF1
Q303	dopa decarboxylase (aromatic L-amino acid decarboxylase)	P20711	Aromatic-L-amino-acid decarboxylase	DOPA decarboxylase	DDC	AADC
Q304	catechol-O-methyltransferase	P21964	Catechol O-methyltransferase		COMT	
Q305	galanin/GMAP prepropeptide	P22466	Galanin peptides		GAL	GAL1 / GALN / GLNN
Q306	adenosylhomocysteinase	P23526	Adenosylhomocysteinase	S-adenosyl-L-homocysteine hydrolase	AHCY	SAHH
Q307	S100 calcium binding protein P	P25815	Protein S100-P	Migration-inducing gene 9 protein / Protein S100-E / S100 calcium-binding protein P	S100P	S100E
Q308	"integrin, beta 7"	P26010	Integrin beta-7	Gut homing receptor beta subunit	ITGB7	
Q309	APEX nuclease (multifunctional DNA repair enzyme) 1	P27695	DNA repair nuclease/redox regulator APEX1	APEX nuclease / Apurinic-apyrimidinic endonuclease 1 / DNA-(apurinic or apyrimidinic site) endonuclease / Redox factor-1	APEX1	APE / APE1 / APEX / APX / HAP1 / REF1
Q310	CD1c molecule	P29017	T-cell surface glycoprotein CD1c		CD1C	
Q311	syndecan 4	P31431	Syndecan-4	Amphiglycan / Ryudocan core protein	SDC4	
Q312	"serpin peptidase inhibitor, clade B (ovalbumin), member 6"	P35237	Serpin B6	Cytoplasmic antiproteinase / Peptidase inhibitor 6 / Placental thrombin inhibitor	SERPINB6	PI6 / PTI
Q313	glutaredoxin (thioltransferase)	P35754	Glutaredoxin-1	Thioltransferase-1	GLRX	GRX
Q314	"CD79b molecule, immunoglobulin-associated beta"	P40259	B-cell antigen receptor complex-associated protein beta chain	B-cell-specific glycoprotein B29 / Ig-beta / Immunoglobulin-associated B29 protein	CD79B	B29 / IGB
Q315	ubiquitin specific peptidase 8	P40818	Ubiquitin carboxyl-terminal hydrolase 8	Deubiquitinating enzyme 8 / Ubiquitin isopeptidase Y / Ubiquitin thioesterase 8 / Ubiquitin-specific-processing protease 8	USP8	KIAA0055 / UBPY
Q316	"protein phosphatase 1, regulatory (inhibitor) subunit 2"	P41236	Protein phosphatase inhibitor 2		PPP1R2	IPP2
Q317	cathepsin O	P43234	Cathepsin O		CTSO	CTSO1
Q318	v-crk avian sarcoma virus CT10 oncogene homolog-like	P46109	Crk-like protein		CRKL	
Q319	BCL2-associated athanogene 6	P46379	Large proline-rich protein BAG6	BAG family molecular chaperone regulator 6 / BCL2-associated athanogene 6 / HLA-B-associated transcript 3 / Protein G3 / Protein Scythe	BAG6	BAT3 / G3
Q320	"serpin peptidase inhibitor, clade B (ovalbumin), member 8"	P50452	Serpin B8	Cytoplasmic antiproteinase 2 / Peptidase inhibitor 8	SERPINB8	PI8
Q321	annexin A11	P50995	Annexin A11	56 kDa autoantigen / Annexin XI / Annexin-11 / Calcyclin-associated annexin 50	ANXA11	ANX11
Q322	amyloid beta (A4) precursor-like protein 1	P51693	Amyloid beta precursor like protein 1	Amyloid beta (A4) precursor-like protein 1 / Amyloid-like protein 1	APLP1	
Q323	hepatoma-derived growth factor	P51858	Hepatoma-derived growth factor	High mobility group protein 1-like 2	HDGF	HMG1L2
Q324	thimet oligopeptidase 1	P52888	Thimet oligopeptidase	Endopeptidase 24.15 / MP78	THOP1	
Q325	"Dab, mitogen-responsive phosphoprotein, homolog 2 (Drosophila)"	P98082	Disabled homolog 2	Adaptor molecule disabled-2 / Differentially expressed in ovarian carcinoma 2 / Differentially-expressed protein 2	DAB2	DOC2
Q326	receptor tyrosine kinase-like orphan receptor 1	Q01973	Inactive tyrosine-protein kinase transmembrane receptor ROR1	"Neurotrophic tyrosine kinase, receptor-related 1"	ROR1	NTRKR1
Q327	"FK506 binding protein 4, 59kDa"	Q02790	Peptidyl-prolyl cis-trans isomerase FKBP4	51 kDa FK506-binding protein / 52 kDa FK506-binding protein / 59 kDa immunophilin / FK506-binding protein 4 / FKBP59 / HSP-binding immunophilin / Immunophilin FKBP52 / Rotamase	FKBP4	FKBP52
Q328	trefoil factor 2	Q03403	Trefoil factor 2	Spasmolysin / Spasmolytic polypeptide	TFF2	SML1
Q329	"CD164 molecule, sialomucin"	Q04900	Sialomucin core protein 24	Endolyn / Multi-glycosylated core protein 24	CD164	
Q330	TYRO3 protein tyrosine kinase	Q06418	Tyrosine-protein kinase receptor TYRO3	Tyrosine-protein kinase BYK / Tyrosine-protein kinase DTK / Tyrosine-protein kinase RSE / Tyrosine-protein kinase SKY / Tyrosine-protein kinase TIF	TYRO3	BYK / DTK / RSE / SKY / TIF
Q331	"sema domain, immunoglobulin domain (Ig), short basic domain, secreted, (semaphorin) 3F"	Q13275	Semaphorin-3F	Sema III/F / Semaphorin IV	SEMA3F	
Q332	NODAL modulator 1	Q15155	BOS complex subunit NOMO1	Nodal modulator 1 / pM5 protein	NOMO1	PM5
Q333	clusterin-like 1 (retinal)	Q15846	Clusterin-like protein 1	Retinal-specific clusterin-like protein	CLUL1	
Q334	"cysteine conjugate-beta lyase, cytoplasmic"	Q16773	Kynurenine--oxoglutarate transaminase 1	Cysteine-S-conjugate beta-lyase / Glutamine transaminase K / Glutamine--phenylpyruvate transaminase / Kynurenine aminotransferase 1 / Kynurenine aminotransferase I / Kynurenine--oxoglutarate transaminase I	KYAT1	CCBL1
Q335	"meprin A, beta"	Q16820	Meprin A subunit beta	Endopeptidase-2 / Meprin B / N-benzoyl-L-tyrosyl-P-amino-benzoic acid hydrolase subunit beta / PABA peptide hydrolase / PPH beta	MEP1B	
Q336	"meteorin, glial cell differentiation regulator-like"	Q641Q3	Meteorin-like protein	Subfatin	METRNL	
Q337	ectonucleotide pyrophosphatase/phosphodiesterase 7	Q6UWV6	Ectonucleotide pyrophosphatase/phosphodiesterase family member 7	Alkaline sphingomyelin phosphodiesterase / Intestinal alkaline sphingomyelinase	ENPP7	
Q338	chordin-like 2	Q6WN34	Chordin-like protein 2	Breast tumor novel factor 1 / Chordin-related protein 2	CHRDL2	BNF1 / CHL2
Q339	coiled-coil domain containing 80	Q76M96	Coiled-coil domain-containing protein 80	Down-regulated by oncogenes protein 1 / Up-regulated in BRS-3 deficient mouse homolog	CCDC80	DRO1 / URB
Q340	low density lipoprotein receptor-related protein 11	Q86VZ4	Low-density lipoprotein receptor-related protein 11		LRP11	
Q341	G protein-coupled receptor 64	Q8IZP9	Adhesion G-protein coupled receptor G2	G-protein coupled receptor 64 / Human epididymis-specific protein 6	ADGRG2	GPR64 / HE6 / TM7LN2
Q342	carbonic anhydrase XIII	Q8N1Q1	Carbonic anhydrase 13	Carbonate dehydratase XIII / Carbonic anhydrase XIII	CA13	
Q343	sulfatase modifying factor 2	Q8NBJ7	Inactive C-alpha-formylglycine-generating enzyme 2	Paralog of formylglycine-generating enzyme / Sulfatase-modifying factor 2	SUMF2	
Q344	thioredoxin domain containing 5 (endoplasmic reticulum)	Q8NBS9	Thioredoxin domain-containing protein 5	Endoplasmic reticulum resident protein 46 / Thioredoxin-like protein p46	TXNDC5	TLP46
Q345	multiple coagulation factor deficiency 2	Q8NI22	Multiple coagulation factor deficiency protein 2	Neural stem cell-derived neuronal survival protein	MCFD2	SDNSF
Q346	"scavenger receptor cysteine rich domain containing, group B (4 domains)"	Q8WTU2	Scavenger receptor cysteine-rich domain-containing group B protein	Four scavenger receptor cysteine-rich domains-containing protein / S4D-SRCRB	SSC4D	SRCRB4D
Q347	calcium activated nucleotidase 1	Q8WVQ1	Soluble calcium-activated nucleotidase 1	Apyrase homolog / Putative MAPK-activating protein PM09 / Putative NF-kappa-B-activating protein 107	CANT1	SHAPY
Q348	insulin-like growth factor binding protein-like 1	Q8WX77	Insulin-like growth factor-binding protein-like 1	IGFBP-related protein 10 / Insulin-like growth factor-binding-related protein 4	IGFBPL1	IGFBPRP4
Q349	"family with sequence similarity 3, member C"	Q92520	Protein FAM3C	Interleukin-like EMT inducer	FAM3C	ILEI
Q350	poliovirus receptor-related 2 (herpesvirus entry mediator B)	Q92692	Nectin-2	Herpes virus entry mediator B / Nectin cell adhesion molecule 2 / Poliovirus receptor-related protein 2	NECTIN2	HVEB / PRR2 / PVRL2
Q351	leucine-rich repeats and immunoglobulin-like domains 1	Q96JA1	Leucine-rich repeats and immunoglobulin-like domains protein 1		LRIG1	LIG1
Q352	Fc receptor-like 1	Q96LA6	Fc receptor-like protein 1	Fc receptor homolog 1 / IFGP family protein 1 / Immune receptor translocation-associated protein 5	FCRL1	FCRH1 / IFGP1 / IRTA5
Q353	sclerostin	Q9BQB4	Sclerostin		SOST	
Q354	"regenerating islet-derived family, member 4"	Q9BYZ8	Regenerating islet-derived protein 4	Gastrointestinal secretory protein / REG-like protein / Regenerating islet-derived protein IV	REG4	GISP / RELP
Q355	reticulon 4 receptor	Q9BZR6	Reticulon-4 receptor	Nogo receptor / Nogo-66 receptor	RTN4R	NOGOR
Q356	tubulointerstitial nephritis antigen-like 1	Q9GZM7	Tubulointerstitial nephritis antigen-like	Glucocorticoid-inducible protein 5 / Oxidized LDL-responsive gene 2 protein / Tubulointerstitial nephritis antigen-related protein	TINAGL1	GIS5 / LCN7 / OLRG2 / TINAGL
Q357	calsyntenin 2	Q9H4D0	Calsyntenin-2	Alcadein-gamma	CLSTN2	CS2
Q358	CXADR-like membrane protein	Q9H6B4	CXADR-like membrane protein	Adipocyte adhesion molecule / Coxsackie- and adenovirus receptor-like membrane protein	CLMP	ACAM / ASAM
Q359	cadherin-related family member 5	Q9HBB8	Cadherin-related family member 5	Mu-protocadherin / Mucin and cadherin-like protein / Mucin-like protocadherin	CDHR5	MUCDHL / MUPCDH
Q360	"acid phosphatase 6, lysophosphatidic,Lysophosphatidic acid phosphatase type 6"	Q9NPH0	Lysophosphatidic acid phosphatase type 6	"Acid phosphatase 6, lysophosphatidic / Acid phosphatase-like protein 1 / PACPL1"	ACP6	ACPL1 / LPAP
Q361	"neural proliferation, differentiation and control, 1"	Q9NQX5	Neural proliferation differentiation and control protein 1		NPDC1	
Q362	"diablo, IAP-binding mitochondrial protein"	Q9NR28	Diablo IAP-binding mitochondrial protein	"Diablo homolog, mitochondrial / Direct IAP-binding protein with low pI / Second mitochondria-derived activator of caspase"	DIABLO	SMAC
Q363	phosphoprotein associated with glycosphingolipid microdomains 1	Q9NWQ8	Phosphoprotein associated with glycosphingolipid-enriched microdomains 1	Csk-binding protein / Transmembrane adapter protein PAG / Transmembrane phosphoprotein Cbp	PAG1	CBP / PAG
Q364	"C-type lectin domain family 5, member A"	Q9NY25	C-type lectin domain family 5 member A	C-type lectin superfamily member 5 / Myeloid DAP12-associating lectin 1	CLEC5A	CLECSF5 / MDL1
Q365	ghrelin/obestatin prepropeptide	Q9UBU3	Appetite-regulating hormone	Growth hormone secretagogue / Growth hormone-releasing peptide / Motilin-related peptide / Protein M46	GHRL	MTLRP
Q366	dipeptidyl-peptidase 7	Q9UHL4	Dipeptidyl peptidase 2	Dipeptidyl aminopeptidase II / Dipeptidyl peptidase 7 / Dipeptidyl peptidase II / Quiescent cell proline dipeptidase	DPP7	DPP2 / QPP
Q367	"egf-like module containing, mucin-like, hormone receptor-like 2"	Q9UHX3	Adhesion G protein-coupled receptor E2	EGF-like module receptor 2 / EGF-like module-containing mucin-like hormone receptor-like 2	ADGRE2	EMR2
Q368	paired immunoglobin-like type 2 receptor beta	Q9UKJ0	Paired immunoglobulin-like type 2 receptor beta	Activating receptor PILR-beta / Cell surface receptor FDFACT	PILRB	FDFACT
Q369	sialic acid binding Ig-like lectin 7	Q9Y286	Sialic acid-binding Ig-like lectin 7	Adhesion inhibitory receptor molecule 1 / CDw328 / D-siglec / QA79 membrane protein / p75	SIGLEC7	AIRM1
Q370	CD2-associated protein	Q9Y5K6	CD2-associated protein	Adapter protein CMS / Cas ligand with multiple SH3 domains	CD2AP	
Q371	syntaxin binding protein 3	O00186	Syntaxin-binding protein 3	Platelet Sec1 protein / Protein unc-18 homolog 3 / Protein unc-18 homolog C	STXBP3	
Q372	carboxylesterase 2	O00748	Cocaine esterase	Carboxylesterase 2 / Methylumbelliferyl-acetate deacetylase 2	CES2	ICE
Q373	integrin beta 1 binding protein 1	O14713	Integrin beta-1-binding protein 1	Integrin cytoplasmic domain-associated protein 1	ITGB1BP1	ICAP1
Q374	inositol polyphosphate phosphatase-like 1	O15357	"Phosphatidylinositol 3,4,5-trisphosphate 5-phosphatase 2"	Inositol polyphosphate phosphatase-like protein 1 / Protein 51C / SH2 domain-containing inositol 5'-phosphatase 2	INPPL1	SHIP2
Q375	carbonic anhydrase XII	O43570	Carbonic anhydrase 12	Carbonate dehydratase XII / Carbonic anhydrase XII / Tumor antigen HOM-RCC-3.1.3	CA12	
Q376	EGF-like repeats and discoidin I-like domains 3	O43854	EGF-like repeat and discoidin I-like domain-containing protein 3	Developmentally-regulated endothelial cell locus 1 protein / Integrin-binding protein DEL1	EDIL3	DEL1
Q377	perilipin 1	O60240	Perilipin-1	Lipid droplet-associated protein	PLIN1	PERI / PLIN
Q378	hematopoietic prostaglandin D synthase	O60760	Hematopoietic prostaglandin D synthase	GST class-sigma / Glutathione S-transferase / Glutathione-dependent PGD synthase / Glutathione-requiring prostaglandin D synthase / Prostaglandin-H2 D-isomerase	HPGDS	GSTS / PGDS / PTGDS2
Q379	nibrin	O60934	Nibrin	Cell cycle regulatory protein p95 / Nijmegen breakage syndrome protein 1	NBN	NBS / NBS1 / P95
Q380	ectonucleoside triphosphate diphosphohydrolase 6 (putative)	O75354	Ectonucleoside triphosphate diphosphohydrolase 6	CD39 antigen-like 2	ENTPD6	CD39L2 / IL6ST2
Q381	"protein kinase, interferon-inducible double stranded RNA dependent activator"	O75569	Interferon-inducible double-stranded RNA-dependent protein kinase activator A	"PKR-associated protein X / PKR-associating protein X / Protein activator of the interferon-induced protein kinase / Protein kinase, interferon-inducible double-stranded RNA-dependent activator"	PRKRA	PACT / RAX
Q382	"protein phosphatase, Mg2+/Mn2+ dependent, 1B"	O75688	Protein phosphatase 1B	Protein phosphatase 2C isoform beta	PPM1B	PP2CB
Q383	"ATPase, H+ transporting, lysosomal accessory protein 2"	O75787	Renin receptor	ATPase H(+)-transporting lysosomal accessory protein 2 / ATPase H(+)-transporting lysosomal-interacting protein 2 / ER-localized type I transmembrane adapter / Embryonic liver differentiation factor 10 / N14F / Renin/prorenin receptor / Vacuolar ATP synthase membrane sector-associated protein M8-9	ATP6AP2	ATP6IP2 / CAPER / ELDF10
Q384	"apoptosis-inducing factor, mitochondrion-associated, 1"	O95831	"Apoptosis-inducing factor 1, mitochondrial"	Programmed cell death protein 8	AIFM1	AIF / PDCD8
Q385	anterior gradient 2	O95994	Anterior gradient protein 2 homolog	HPC8 / Secreted cement gland protein XAG-2 homolog	AGR2	AG2
Q386	luteinizing hormone beta polypeptide	P01229	Lutropin subunit beta	Luteinizing hormone subunit beta	LHB	
Q387	calcitonin-related polypeptide alpha	P01258	Calcitonin		CALCA	CALC1
Q388	erythropoietin	P01588	Erythropoietin		EPO	
Q389	corticotropin releasing hormone	P06850	Corticoliberin	Corticotropin-releasing factor / Corticotropin-releasing hormone	CRH	
Q390	feline sarcoma oncogene	P07332	Tyrosine-protein kinase Fes/Fps	Feline sarcoma/Fujinami avian sarcoma oncogene homolog / Proto-oncogene c-Fes / Proto-oncogene c-Fps / p93c-fes	FES	FPS
Q391	v-yes-1 Yamaguchi sarcoma viral oncogene homolog 1	P07947	Tyrosine-protein kinase Yes	Proto-oncogene c-Yes / p61-Yes	YES1	YES
Q392	feline Gardner-Rasheed sarcoma viral oncogene homolog	P09769	Tyrosine-protein kinase Fgr	Gardner-Rasheed feline sarcoma viral (v-fgr) oncogene homolog / Proto-oncogene c-Fgr / p55-Fgr / p58-Fgr / p58c-Fgr	FGR	SRC2
Q393	leukotriene A4 hydrolase	P09960	Leukotriene A-4 hydrolase	Leukotriene A(4) hydrolase / Tripeptide aminopeptidase LTA4H	LTA4H	LTA4
Q394	troponin I type 3 (cardiac)	P19429	"Troponin I, cardiac muscle"	Cardiac troponin I	TNNI3	TNNC1
Q395	neutrophil cytosolic factor 2	P19878	Neutrophil cytosol factor 2	67 kDa neutrophil oxidase factor / NADPH oxidase activator 2 / Neutrophil NADPH oxidase factor 2 / p67-phox	NCF2	NOXA2 / P67PHOX
Q396	parvalbumin	P20472	Parvalbumin alpha		PVALB	
Q397	RAS p21 protein activator (GTPase activating protein) 1	P20936	Ras GTPase-activating protein 1	Ras p21 protein activator / p120GAP	RASA1	GAP / RASA
Q398	pleiotrophin	P21246	Pleiotrophin	Heparin-binding brain mitogen / Heparin-binding growth factor 8 / Heparin-binding growth-associated molecule / Heparin-binding neurite outgrowth-promoting factor / Heparin-binding neurite outgrowth-promoting factor 1 / Osteoblast-specific factor 1	PTN	HBNF1 / NEGF1
Q399	natriuretic peptide C	P23582	C-type natriuretic peptide		NPPC	CNP2
Q400	"proteasome (prosome, macropain) subunit, alpha type, 1"	P25786	Proteasome subunit alpha type-1	30 kDa prosomal protein / Macropain subunit C2 / Multicatalytic endopeptidase complex subunit C2 / Proteasome component C2 / Proteasome nu chain	PSMA1	HC2 / NU / PROS30 / PSC2
Q401	calreticulin	P27797	Calreticulin	CRP55 / Calregulin / Endoplasmic reticulum resident protein 60 / HACBP / grp60	CALR	CRTC
Q402	nitric oxide synthase 3 (endothelial cell)	P29474	Nitric oxide synthase 3	"Constitutive NOS / EC-NOS / NOS type III / Nitric oxide synthase, endothelial"	NOS3	
Q403	"aldehyde dehydrogenase 3 family, member A1"	P30838	"Aldehyde dehydrogenase, dimeric NADP-preferring"	ALDHIII / Aldehyde dehydrogenase 3 / Aldehyde dehydrogenase family 3 member A1	ALDH3A1	ALDH3
Q404	betacellulin	P35070	Probetacellulin		BTC	
Q405	"capping protein (actin filament), gelsolin-like"	P40121	Macrophage-capping protein	Actin regulatory protein CAP-G	CAPG	AFCP / MCP
Q406	dipeptidyl-peptidase 6	P42658	A-type potassium channel modulatory protein DPP6	DPPX / Dipeptidyl aminopeptidase-like protein 6 / Dipeptidyl aminopeptidase-related protein / Dipeptidyl peptidase 6 / Dipeptidyl peptidase IV-like protein / Dipeptidyl peptidase VI	DPP6	
Q407	Wiskott-Aldrich syndrome	P42768	Actin nucleation-promoting factor WAS	Wiskott-Aldrich syndrome protein	WAS	IMD2
Q408	ODA_P43629					
Q409	"casein kinase 1, delta"	P48730	Casein kinase I isoform delta	Tau-protein kinase CSNK1D	CSNK1D	HCKID
Q410	paxillin	P49023	Paxillin		PXN	
Q411	ODA_P49763					
Q412	placental growth factor.1					
Q413	vascular endothelial growth factor C					
Q414	retinoic acid receptor responder (tazarotene induced) 1	P49788	Retinoic acid receptor responder protein 1	Phorbol ester-induced gene 1 protein / RAR-responsive protein TIG1 / Tazarotene-induced gene 1 protein	RARRES1	PEIG1 / TIG1
Q415	Ras association (RalGDS/AF-6) domain family member 2	P50749	Ras association domain-containing protein 2		RASSF2	CENP-34 / KIAA0168
Q416	FBJ murine osteosarcoma viral oncogene homolog B	P53539	Protein FosB	"FosB proto-oncogene, AP-1 transcription factor subunit / G0/G1 switch regulatory protein 3 / Transcription factor AP-1 subunit FosB"	FOSB	G0S3
Q417	methionyl aminopeptidase 1	P53582	Methionine aminopeptidase 1	Peptidase M 1	METAP1	KIAA0094
Q418	BH3 interacting domain death agonist	P55957	BH3-interacting domain death agonist	p22 BID	BID	
Q419	MYC associated factor X	P61244	Protein max	Class D basic helix-loop-helix protein 4 / Myc-associated factor X	MAX	BHLHD4
Q420	"FK506 binding protein 1B, 12.6 kDa"	P68106	Peptidyl-prolyl cis-trans isomerase FKBP1B	12.6 kDa FK506-binding protein / FK506-binding protein 1B / Immunophilin FKBP12.6 / Rotamase / h-FKBP-12	FKBP1B	FKBP12.6 / FKBP1L / FKBP9 / OTK4
Q421	nucleobindin 2	P80303	Nucleobindin-2	DNA-binding protein NEFA / Epididymis secretory protein Li 109 / Gastric cancer antigen Zg4 / Prepronesfatin	NUCB2	NEFA
Q422	"transmembrane protease, serine 15"	P98073	Enteropeptidase	Enterokinase / Serine protease 7 / Transmembrane protease serine 15	TMPRSS15	ENTK / PRSS7
Q423	contactin 2 (axonal)	Q02246	Contactin-2	Axonal glycoprotein TAG-1 / Axonin-1 / Transient axonal glycoprotein 1	CNTN2	AXT / TAG1 / TAX1
Q424	topoisomerase (DNA) II beta 180kDa	Q02880	DNA topoisomerase 2-beta	"DNA topoisomerase II, beta isozyme"	TOP2B	
Q425	mevalonate kinase	Q03426	Mevalonate kinase		MVK	
Q426	low density lipoprotein receptor-related protein 1	Q07954	Prolow-density lipoprotein receptor-related protein 1	Alpha-2-macroglobulin receptor / Apolipoprotein E receptor	LRP1	A2MR / APR
Q427	"fatty acid binding protein 9, testis"	Q0Z7S8	Fatty acid-binding protein 9	Testis lipid-binding protein / Testis-type fatty acid-binding protein	FABP9	
Q428	"ST3 beta-galactoside alpha-2,3-sialyltransferase 1"	Q11201	"CMP-N-acetylneuraminate-beta-galactosamide-alpha-2,3-sialyltransferase 1"	"Gal-NAc6S / Gal-beta-1,3-GalNAc-alpha-2,3-sialyltransferase / Monosialoganglioside sialyltransferase / SIATFL / ST3Gal I / ST3GalA.1 / ST3O / Sialyltransferase 4A"	ST3GAL1	SIAT4 / SIAT4A
Q429	forkhead box O1	Q12778	Forkhead box protein O1	Forkhead box protein O1A / Forkhead in rhabdomyosarcoma	FOXO1	FKHR / FOXO1A
Q430	"protein tyrosine phosphatase, receptor type, J"	Q12913	Receptor-type tyrosine-protein phosphatase eta	Density-enhanced phosphatase 1 / HPTP eta / Protein-tyrosine phosphatase receptor type J	PTPRJ	DEP1
Q431	BMP and activin membrane-bound inhibitor	Q13145	BMP and activin membrane-bound inhibitor homolog	Non-metastatic gene A protein / Putative transmembrane protein NMA	BAMBI	NMA
Q432	protein tyrosine kinase 7	Q13308	Inactive tyrosine-protein kinase 7	Colon carcinoma kinase 4 / Protein-tyrosine kinase 7 / Pseudo tyrosine kinase receptor 7 / Tyrosine-protein kinase-like 7	PTK7	CCK4
Q433	programmed cell death 1	Q15116	Programmed cell death protein 1		PDCD1	PD1
Q434	paraoxonase 2	Q15165	Serum paraoxonase/arylesterase 2	Aromatic esterase 2 / Serum aryldialkylphosphatase 2	PON2	
Q435	SMAD family member 1	Q15797	Mothers against decapentaplegic homolog 1	JV4-1 / Mad-related protein 1 / SMAD family member 1 / Transforming growth factor-beta-signaling protein 1	SMAD1	BSP1 / MADH1 / MADR1
Q436	macrophage erythroblast attacher	Q7L5Y9	E3 ubiquitin-protein transferase MAEA	Cell proliferation-inducing gene 5 protein / Erythroblast macrophage protein / Human lung cancer oncogene 10 protein / Macrophage erythroblast attacher / P44EMLP	MAEA	EMP
Q437	vasohibin 1	Q7L8A9	Tubulinyl-Tyr carboxypeptidase 1	Tubulin carboxypeptidase 1 / Tyrosine carboxypeptidase 1 / Vasohibin-1	VASH1	KIAA1036 / VASH
Q438	ribonucleotide reductase M2 B (TP53 inducible)	Q7LG56	Ribonucleoside-diphosphate reductase subunit M2 B	TP53-inducible ribonucleotide reductase M2 B / p53-inducible ribonucleotide reductase small subunit 2-like protein	RRM2B	P53R2
Q439	desmoglein 4	Q86SJ6	Desmoglein-4	Cadherin family member 13	DSG4	CDHF13
Q440	UDP-N-acetyl-alpha-D-galactosamine:polypeptide N-acetylgalactosaminyltransferase 10 (GalNAc-T10)	Q86SR1	Polypeptide N-acetylgalactosaminyltransferase 10	Polypeptide GalNAc transferase 10 / Protein-UDP acetylgalactosaminyltransferase 10 / UDP-GalNAc:polypeptide N-acetylgalactosaminyltransferase 10	GALNT10	
Q441	"serpin peptidase inhibitor, clade A (alpha-1 antiproteinase, antitrypsin), member 9"	Q86WD7	Serpin A9	Centerin / Germinal center B-cell-expressed transcript 1 protein	SERPINA9	GCET1 / SERPINA11
Q442	plexin domain containing 1	Q8IUK5	Plexin domain-containing protein 1	Tumor endothelial marker 3 / Tumor endothelial marker 7	PLXDC1	TEM3 / TEM7
Q443	enabled homolog (Drosophila)	Q8N8S7	Protein enabled homolog		ENAH	MENA
Q444	"C-type lectin domain family 1, member A"	Q8NC01	C-type lectin domain family 1 member A	C-type lectin-like receptor 1	CLEC1A	CLEC1
Q445	B-cell scaffold protein with ankyrin repeats 1	Q8NDB2	B-cell scaffold protein with ankyrin repeats		BANK1	
Q446	hepatitis A virus cellular receptor 1.1					
Q447	erbb2 interacting protein	Q96RT1	Erbin	Densin-180-like protein / Erbb2-interacting protein / Protein LAP2	ERBIN	ERBB2IP / KIAA1225 / LAP2
Q448	amnion associated transmembrane protein	Q9BXJ7	Protein amnionless		AMN	
Q449	"linker for activation of T cells family, member 2"	Q9GZY6	Linker for activation of T-cells family member 2	Linker for activation of B-cells / Membrane-associated adapter molecule / Non-T-cell activation linker / Williams-Beuren syndrome chromosomal region 15 protein / Williams-Beuren syndrome chromosomal region 5 protein	LAT2	LAB / NTAL / WBS15 / WBSCR15 / WBSCR5
Q450	claspin	Q9HAW4	Claspin		CLSPN	
Q451	chromosome 12 open reading frame 5	Q9NQ88	"Fructose-2,6-bisphosphatase TIGAR"	TP53-induced glycolysis and apoptosis regulator / TP53-induced glycolysis regulatory phosphatase	TIGAR	C12orf5
Q452	platelet derived growth factor C	Q9NRA1	Platelet-derived growth factor C	Fallotein / Spinal cord-derived growth factor / VEGF-E	PDGFC	SCDGF
Q453	sirtuin 5	Q9NXA8	"NAD-dependent protein deacylase sirtuin-5, mitochondrial"	Regulatory protein SIR2 homolog 5 / SIR2-like protein 5	SIRT5	SIR2L5
Q454	pyruvate dehyrogenase phosphatase catalytic subunit 1	Q9P0J1	"[Pyruvate dehydrogenase [acetyl-transferring]]-phosphatase 1, mitochondrial"	Protein phosphatase 2C / Pyruvate dehydrogenase phosphatase catalytic subunit 1	PDP1	PDP / PPM2C
Q455	"EGF-like-domain, multiple 7"	Q9UHF1	Epidermal growth factor-like protein 7	Multiple epidermal growth factor-like domains protein 7 / NOTCH4-like protein / Vascular endothelial statin / Zneu1	EGFL7	MEGF7
Q456	REST corepressor 1	Q9UKL0	REST corepressor 1	Protein CoREST	RCOR1	KIAA0071 / RCOR
Q457	carbonic anhydrase XIV	Q9ULX7	Carbonic anhydrase 14	Carbonate dehydratase XIV / Carbonic anhydrase XIV	CA14	
Q458	syntaxin 8	Q9UNK0	Syntaxin-8		STX8	
Q459	"protein kinase, AMP-activated, beta 1 non-catalytic subunit"	Q9Y478	5'-AMP-activated protein kinase subunit beta-1		PRKAB1	AMPK
Q460	mitogen-activated protein kinase kinase kinase kinase 5	Q9Y4K4	Mitogen-activated protein kinase kinase kinase kinase 5	Kinase homologous to SPS1/STE20 / MAPK/ERK kinase kinase kinase 5	MAP4K5	
Q461	negative regulator of ubiquitin-like proteins 1	Q9Y5A7	NEDD8 ultimate buster 1	Negative regulator of ubiquitin-like proteins 1 / Renal carcinoma antigen NY-REN-18	NUB1	NYREN18
Q462	ectonucleoside triphosphate diphosphohydrolase 2	Q9Y5L3	Ectonucleoside triphosphate diphosphohydrolase 2	CD39 antigen-like 1 / Ecto-ATP diphosphohydrolase 2	ENTPD2	CD39L1
Q463	"melanoma antigen family D, 1"	Q9Y5V3	Melanoma-associated antigen D1	MAGE tumor antigen CCF / MAGE-D1 antigen / Neurotrophin receptor-interacting MAGE homolog	MAGED1	NRAGE
Q464	G protein-coupled receptor 56	Q9Y653	Adhesion G-protein coupled receptor G1	G-protein coupled receptor 56 / Protein TM7XN1	ADGRG1	GPR56 / TM7LN4 / TM7XN1
